nutrient_id,low_age,up_age,gender,RLL,RUL
4,4,8,child,20.0,9999.0
4,9,13,female,20.0,9999.0
4,14,18,female,20.0,9999.0
4,19,30,female,20.0,9999.0
4,31,50,female,20.0,9999.0
4,51,70,female,17.0,9999.0
4,71,120,female,17.0,9999.0
4,14,18,lactation,23.0,9999.0
4,19,30,lactation,23.0,9999.0
4,31,50,lactation,23.0,9999.0
4,14,18,male,35.0,9999.0
4,19,30,male,35.0,9999.0
4,31,50,male,35.0,9999.0
4,51,70,male,25.0,9999.0
4,71,120,male,25.0,9999.0
4,14,18,pregnant,23.0,9999.0
4,19,30,pregnant,23.0,9999.0
4,31,50,pregnant,23.0,9999.0
5,8,8,child,1400.0,2000.0
5,2,2,female,1000.0,1000.0
5,3,3,female,1200.0,1400.0
5,4,4,female,1200.0,1400.0
5,5,5,female,1200.0,1600.0
5,6,6,female,1200.0,1600.0
5,7,7,female,1200.0,1800.0
5,8,9,female,1400.0,1800.0
5,10,10,female,1400.0,2000.0
5,11,11,female,1600.0,2000.0
5,12,13,female,1600.0,2200.0
5,14,18,female,1800.0,2400.0
5,19,25,female,2000.0,2400.0
5,26,30,female,1800.0,2400.0
5,31,35,female,1800.0,2200.0
5,36,50,female,1800.0,2200.0
5,51,60,female,1600.0,2200.0
5,61,120,female,1600.0,2200.0
5,2,2,male,1000.0,1000.0
5,3,3,male,1200.0,1400.0
5,4,5,male,1200.0,1600.0
5,6,7,male,1400.0,1800.0
5,9,9,male,1600.0,2000.0
5,10,10,male,1600.0,2200.0
5,11,11,male,1800.0,2200.0
5,12,12,male,1800.0,2400.0
5,13,13,male,2000.0,2600.0
5,14,14,male,2000.0,2800.0
5,15,15,male,2200.0,3000.0
5,16,18,male,2400.0,3200.0
5,19,20,male,2600.0,3000.0
5,21,35,male,2400.0,3000.0
5,36,40,male,2400.0,2800.0
5,41,45,male,2300.0,2800.0
5,46,55,male,2200.0,2800.0
5,56,60,male,2200.0,2600.0
5,61,75,male,2000.0,2600.0
5,76,120,male,2000.0,2400.0
8,4,8,child,170.0,300.0
8,9,13,female,170.0,300.0
8,14,18,female,170.0,300.0
8,19,30,female,170.0,300.0
8,31,50,female,170.0,300.0
8,51,70,female,170.0,300.0
8,71,120,female,170.0,300.0
8,14,18,lactation,255.0,380.0
8,19,30,lactation,255.0,380.0
8,31,50,lactation,255.0,380.0
8,9,13,male,170.0,300.0
8,14,18,male,170.0,300.0
8,19,30,male,170.0,300.0
8,31,50,male,170.0,300.0
8,51,70,male,170.0,300.0
8,71,120,male,170.0,300.0
8,14,18,pregnant,220.0,330.0
8,19,30,pregnant,220.0,330.0
8,31,50,pregnant,220.0,330.0
15,4,8,child,19.0,50.0
15,9,13,female,30.0,75.0
15,14,18,female,40.0,100.0
15,19,30,female,40.0,100.0
15,31,50,female,40.0,100.0
15,51,70,female,40.0,100.0
15,71,120,female,40.0,100.0
15,14,50,lactation,70.0,120.0
15,9,13,male,30.0,75.0
15,14,18,male,50.0,125.0
15,19,30,male,50.0,125.0
15,31,50,male,50.0,125.0
15,51,70,male,50.0,125.0
15,71,120,male,50.0,125.0
15,14,50,pregnant,70.0,120.0
17,1,3,child,1000.0,1500.0
17,4,8,child,1200.0,1900.0
17,9,13,female,1500.0,2200.0
17,14,30,female,1500.0,2300.0
17,31,50,female,1500.0,2300.0
17,51,70,female,1300.0,2300.0
17,71,120,female,1200.0,2300.0
17,14,50,lactation,1500.0,2300.0
17,9,13,male,1500.0,2200.0
17,14,18,male,1500.0,2300.0
17,19,50,male,1500.0,2300.0
17,51,70,male,1300.0,2300.0
17,71,120,male,1200.0,2300.0
17,14,50,pregnant,1500.0,2300.0
