foodId,nutrientId,quantity
1,4,4.84556
1,5,311.988
1,8,10.7915
1,15,5.17374
1,17,210.376
2,4,0.5
2,5,76.0
2,8,17.0
2,15,0.2
2,17,0.75
3,4,1.13
3,5,70.0
3,8,15.0
3,15,0.05
3,17,0.75
4,4,2.124
4,5,228.065
4,8,22.1073
4,15,2.43375
4,17,12.6644
5,4,0.0513326
5,5,14.4665
5,8,19.833
5,15,0.0816655
5,17,0.93332
6,4,0.0
6,5,114.0
6,8,3.1198
6,15,6.08
6,17,228.0
7,4,0.3
7,5,16.8
7,8,3.6
7,15,0.03
7,17,0.6
8,4,0.96943
8,5,96.2505
8,8,4.43168
8,15,3.58815
8,17,273.782
9,4,0.0
9,5,105.0
9,8,0.35
9,15,7.0
9,17,1.05
10,4,0.0
10,5,242.114
10,8,8.94867
10,15,17.2541
10,17,130.899
11,4,12.88
11,5,517.5
11,8,77.05
11,15,11.155
11,17,276.0
12,4,0.36
12,5,18.9
12,8,3.6
12,15,0.036
12,17,3.0
13,4,4.3834
13,5,167.842
13,8,10.2414
13,15,3.131
13,17,13.5643
14,4,0.0
14,5,77.5
14,8,1.575
14,15,6.25
14,17,300.0
15,4,4.0
15,5,54.0
15,8,9.2
15,15,2.8
15,17,12.0
16,4,2.22
16,5,120.0
16,8,31.2
16,15,4.86
16,17,270.0
17,4,1.9536
17,5,165.771
17,8,19.8616
17,15,2.08384
17,17,11.396
18,4,0.5
18,5,112.5
18,8,27.5
18,15,0.25
18,17,10.0
19,4,0.716984
19,5,141.542
19,8,13.0764
19,15,4.93922
19,17,210.389
20,4,2.70986
20,5,190.968
20,8,20.4128
20,15,6.76355
20,17,207.888
21,4,0.21667
21,5,26.0004
21,8,2.05837
21,15,0.65001
21,17,5.41675
22,4,0.4
22,5,90.0
22,8,18.4
22,15,1.0
22,17,4.0
23,4,0.0
23,5,51.6
23,8,0.258
23,15,4.524
23,17,51.0
24,4,3.58046
24,5,153.752
24,8,9.94708
24,15,0.90428
24,17,63.9473
25,4,0.5
25,5,100.0
25,8,25.0
25,15,1.75
25,17,165.0
26,4,3.055
26,5,146.726
26,8,8.11408
26,15,0.94094
26,17,61.8088
27,4,0.0
27,5,341.12
27,8,30.72
27,15,8.96
27,17,61.44
28,4,0.0
28,5,21.7598
28,8,0.194932
28,15,2.43892
28,17,140.532
29,4,0.5
29,5,49.0
29,8,12.0
29,15,0.2
29,17,0.75
30,4,0.0
30,5,430.29
30,8,49.6808
30,15,6.9632
30,17,1.496
31,4,0.0
31,5,430.29
31,8,49.6808
31,15,6.9632
31,17,1.496
32,4,4.52737
32,5,922.018
32,8,71.7713
32,15,10.1556
32,17,496.429
33,4,16.4687
33,5,691.956
33,8,101.229
33,15,20.419
33,17,381.522
34,4,2.36964
34,5,95.8737
34,8,4.69092
34,15,3.45774
34,17,216.332
35,4,0.4
35,5,90.0
35,8,20.0
35,15,1.8
35,17,4.0
36,4,0.0
36,5,175.5
36,8,1.05
36,15,0.45
36,17,57.0
37,4,3.52637
37,5,998.041
37,8,73.263
37,15,16.7937
37,17,513.608
38,4,15.081
38,5,453.344
38,8,51.184
38,15,29.5405
38,17,639.8
39,4,1.988
39,5,254.8
39,8,46.2
39,15,11.2
39,17,245.0
40,4,1.00999
40,5,152.846
40,8,16.8333
40,15,6.05997
40,17,280.779
41,4,7.0
41,5,241.0
41,8,62.0
41,15,4.0
41,17,10.0
42,4,0.749
42,5,96.25
42,8,23.45
42,15,1.1655
42,17,1.75
43,4,1.9536
43,5,165.771
43,8,19.8616
43,15,2.08384
43,17,11.396
44,4,0.0
44,5,18.75
44,8,1.75
44,15,0.0
44,17,93.0
45,4,2.88579
45,5,164.445
45,8,26.5025
45,15,4.62086
45,17,212.195
46,4,5.49999
46,5,260.333
46,8,20.6983
46,15,12.8333
46,17,132.916
47,4,3.20521
47,5,189.184
47,8,22.0208
47,15,7.34027
47,17,196.404
48,4,2.72968
48,5,83.9526
48,8,5.67392
48,15,1.16816
48,17,54.5519
49,4,0.0
49,5,392.0
49,8,392.0
49,15,4.0
49,17,0.0
50,4,13.8
50,5,364.55
50,8,94.3
50,15,10.925
50,17,437.0
51,4,5.048
51,5,189.3
51,8,13.882
51,15,2.53662
51,17,362.194
52,4,0.0
52,5,100.1
52,8,0.7
52,15,8.75
52,17,385.0
53,4,1.51467
53,5,194.134
53,8,35.2001
53,15,8.53336
53,17,186.667
54,4,1.9536
54,5,165.771
54,8,19.8616
54,15,2.08384
54,17,11.396
55,4,0.76349
55,5,53.9561
55,8,9.95054
55,15,1.32562
55,17,156.033
56,4,3.22599
56,5,285.593
56,8,29.5744
56,15,3.96915
56,17,109.025
57,4,0.0
57,5,436.954
57,8,52.4824
57,15,6.5688
57,17,1.496
58,4,0.0
58,5,436.954
58,8,52.4824
58,15,6.5688
58,17,1.496
59,4,3.91763
59,5,926.403
59,8,77.7487
59,15,9.63148
59,17,494.999
60,4,15.6252
60,5,720.766
60,8,109.991
60,15,19.7485
60,17,381.361
61,4,0.0
61,5,137.2
61,8,1.127
61,15,12.25
61,17,490.0
62,4,0.9
62,5,225.0
62,8,15.0
62,15,10.5
62,17,990.0
63,4,0.0
63,5,476.83
63,8,48.8648
63,15,9.6696
63,17,1.496
64,4,0.0
64,5,476.83
64,8,48.8648
64,15,9.6696
64,17,1.496
65,4,3.14928
65,5,899.571
65,8,67.2721
65,15,11.7952
65,17,493.992
66,4,14.2414
66,5,762.645
66,8,97.409
66,15,24.7918
66,17,677.475
67,4,0.5
67,5,112.5
67,8,26.25
67,15,1.75
67,17,2.5
68,4,0.0
68,5,51.6
68,8,0.258
68,15,4.524
68,17,51.0
69,4,3.0576
69,5,72.9456
69,8,0.84084
69,15,1.53972
69,17,50.7452
70,4,1.04036
70,5,51.3636
70,8,5.88139
70,15,1.05714
70,17,152.593
71,4,0.0
71,5,430.29
71,8,49.6808
71,15,6.9632
71,17,1.496
72,4,0.0
72,5,430.29
72,8,49.6808
72,15,6.9632
72,17,1.496
73,4,15.8457
73,5,679.701
73,8,102.776
73,15,18.8378
73,17,370.002
74,4,0.34074
74,5,84.7685
74,8,4.94704
74,15,2.53662
74,17,50.6377
75,4,2.0
75,5,226.0
75,8,49.0
75,15,2.3
75,17,293.0
76,4,0.0
76,5,10.3201
76,8,0.381271
76,15,0.0
76,17,108.935
77,4,0.0
77,5,38.4
77,8,2.8
77,15,4.304
77,17,248.0
78,4,0.5
78,5,186.0
78,8,10.0
78,15,9.0
78,17,405.0
79,4,0.0
79,5,240.0
79,8,9.4
79,15,6.6
79,17,98.0
80,4,0.2
80,5,138.5
80,8,33.5
80,15,0.05
80,17,0.75
81,4,0.5
81,5,145.0
81,8,35.75
81,15,1.75
81,17,12.5
82,4,0.0774009
82,5,14.3335
82,8,2.29336
82,15,0.802676
82,17,0.28667
83,4,4.93098
83,5,1438.62
83,8,91.126
83,15,37.5453
83,17,656.305
84,4,2.94
84,5,135.6
84,8,25.2
84,15,3.78
84,17,95.4
85,4,0.28
85,5,108.5
85,8,0.931
85,15,5.698
85,17,228.9
86,4,0.0
86,5,14.3335
86,8,3.72671
86,15,0.057334
86,17,0.0
87,4,0.2
87,5,138.5
87,8,33.5
87,15,0.2
87,17,0.75
88,4,0.4
88,5,80.0
88,8,22.0
88,15,1.8
88,17,4.0
89,4,0.35
89,5,94.5
89,8,22.75
89,15,0.07
89,17,1.75
90,4,0.26
90,5,88.0
90,8,18.0
90,15,6.0
90,17,20.0
91,4,1.73336
91,5,18.417
91,8,4.55007
91,15,5.20008
91,17,105.518
92,4,0.0
92,5,9.60012
92,8,0.354671
92,15,0.0
92,17,101.335
93,4,0.0
93,5,177.75
93,8,17.55
93,15,12.825
93,17,90.0
94,4,4.6
94,5,150.0
94,8,30.0
94,15,6.25
94,17,0.0
95,4,4.84556
95,5,311.988
95,8,10.7915
95,15,5.17374
95,17,210.376
96,4,0.949372
96,5,133.975
96,8,12.3192
96,15,5.13867
96,17,141.061
97,4,7.39181
97,5,995.698
97,8,16.2382
97,15,76.0852
97,17,665.1
98,4,0.884322
98,5,249.512
98,8,25.2577
98,15,3.79168
98,17,238.476
99,4,0.442351
99,5,86.7437
99,8,6.7637
99,15,0.934646
99,17,137.489
100,4,1.78425
100,5,991.141
100,8,37.6627
100,15,56.7091
100,17,667.127
101,4,0.0
101,5,396.354
101,8,60.8475
101,15,4.3995
101,17,0.0
102,4,0.0
102,5,396.354
102,8,60.8475
102,15,4.3995
102,17,0.0
103,4,0.0
103,5,396.354
103,8,60.8475
103,15,4.3995
103,17,0.0
104,4,0.0
104,5,388.56
104,8,65.4
104,15,2.59
104,17,0.0
105,4,6.83335
105,5,120.0
105,8,30.0001
105,15,1.08334
105,17,3.33334
106,4,1.17418
106,5,534.413
106,8,39.7752
106,15,42.466
106,17,376.666
107,4,0.755888
107,5,125.835
107,8,10.9706
107,15,1.69564
107,17,189.917
108,4,1.21001
108,5,120.186
108,8,18.3598
108,15,2.91208
108,17,142.373
109,4,1.99662
109,5,403.919
109,8,49.1596
109,15,19.0939
109,17,442.039
110,4,2.46372
110,5,215.957
110,8,35.2274
110,15,5.72003
110,17,178.39
111,4,8.9053
111,5,406.003
111,8,78.1203
111,15,9.0688
111,17,10.3495
112,4,0.0
112,5,189.6
112,8,18.72
112,15,13.68
112,17,0.0
113,4,14.75
113,5,98.3335
113,8,21.6667
113,15,1.0
113,17,3.33334
114,4,7.61892
114,5,566.442
114,8,150.837
114,15,1.58544
114,17,7.60791
115,4,2.0069
115,5,447.835
115,8,68.5143
115,15,10.051
115,17,61.9096
116,4,1.43823
116,5,231.444
116,8,22.6023
116,15,3.04241
116,17,194.161
117,4,2.124
117,5,228.065
117,8,22.1073
117,15,2.43375
117,17,12.6644
118,4,8.7358
118,5,1255.55
118,8,38.602
118,15,71.1344
118,17,636.125
119,4,10.1672
119,5,1396.92
119,8,63.7292
119,15,61.7121
119,17,762.284
120,4,4.30726
120,5,693.581
120,8,27.1667
120,15,88.6506
120,17,812.27
121,4,1.12342
121,5,567.595
121,8,24.3199
121,15,65.8655
121,17,589.024
122,4,0.9
122,5,383.013
122,8,25.8375
122,15,20.2625
122,17,262.6
123,4,11.5321
123,5,252.046
123,8,26.1604
123,15,10.7132
123,17,219.093
124,4,2.56053
124,5,232.508
124,8,35.8372
124,15,6.79407
124,17,191.478
125,4,1.11196
125,5,595.7
125,8,5.83349
125,15,40.3725
125,17,414.588
126,4,1.15962
126,5,115.134
126,8,5.30112
126,15,4.2921
126,17,327.495
127,4,0.299708
127,5,122.668
127,8,9.34896
127,15,5.49142
127,17,170.635
128,4,0.397791
128,5,124.599
128,8,9.54698
128,15,3.22753
128,17,169.378
129,4,0.251574
129,5,281.807
129,8,23.1339
129,15,13.4866
129,17,202.227
130,4,2.48814
130,5,737.439
130,8,83.2024
130,15,7.07978
130,17,197.314
131,4,0.803325
131,5,180.396
131,8,16.4192
131,15,11.7756
131,17,422.588
132,4,0.78966
132,5,177.327
132,8,16.1399
132,15,11.5753
132,17,415.4
133,4,0.0
133,5,425.092
133,8,60.753
133,15,4.788
133,17,0.0
134,4,2.4973
134,5,245.104
134,8,29.9676
134,15,6.041
134,17,156.213
135,4,2.92986
135,5,928.456
135,8,208.592
135,15,5.31186
135,17,0.67887
136,4,0.0
136,5,425.092
136,8,60.753
136,15,4.788
136,17,0.0
137,4,0.0
137,5,425.092
137,8,60.753
137,15,4.788
137,17,0.0
138,4,0.0
138,5,423.4
138,8,65.27
138,15,3.05
138,17,0.0
139,4,4.5
139,5,60.75
139,8,13.5
139,15,1.8
139,17,6.75
140,4,0.864144
140,5,832.819
140,8,3.84064
140,15,64.6428
140,17,507.625
141,4,4.3834
141,5,167.842
141,8,10.2414
141,15,3.131
141,17,13.5643
142,4,3.23283
142,5,765.03
142,8,28.7583
142,15,43.5341
142,17,551.148
143,4,0.929339
143,5,606.332
143,8,5.17274
143,15,41.1539
143,17,362.591
144,4,4.6098
144,5,1042.89
144,8,43.1016
144,15,69.1726
144,17,563.651
145,4,0.56364
145,5,557.81
145,8,5.55588
145,15,40.5499
145,17,352.114
146,4,0.865108
146,5,666.19
146,8,7.24058
146,15,47.4869
146,17,418.308
147,4,4.0
147,5,54.0
147,8,9.2
147,15,2.8
147,17,12.0
148,4,1.05122
148,5,703.096
148,8,5.50058
148,15,76.7636
148,17,768.907
149,4,0.887146
149,5,522.797
149,8,4.64204
149,15,64.4934
149,17,458.675
150,4,2.23397
150,5,196.111
150,8,31.5514
150,15,5.13905
150,17,163.549
151,4,2.09281
151,5,186.101
151,8,29.95
151,15,4.80993
151,17,156.301
152,4,2.01538
152,5,179.386
152,8,29.1638
152,15,4.64893
152,17,150.54
153,4,0.862937
153,5,199.471
153,8,22.5691
153,15,1.94714
153,17,194.272
154,4,0.57229
154,5,148.521
154,8,11.1239
154,15,5.87789
154,17,222.448
155,4,1.85
155,5,100.0
155,8,26.0
155,15,4.05
155,17,225.0
156,4,5.7232
156,5,989.27
156,8,57.8452
156,15,56.2611
156,17,573.112
157,4,1.10276
157,5,1019.95
157,8,22.3946
157,15,60.3763
157,17,522.392
158,4,6.48
158,5,152.28
158,8,38.232
158,15,1.296
158,17,4.86
159,4,1.9536
159,5,165.771
159,8,19.8616
159,15,2.08384
159,17,11.396
160,4,0.5
160,5,112.5
160,8,27.5
160,15,0.25
160,17,10.0
161,4,3.45
161,5,54.0
161,8,13.2
161,15,0.9
161,17,1.5
162,4,1.75349
162,5,163.613
162,8,26.3024
162,15,4.20838
162,17,138.175
163,4,0.63298
163,5,124.958
163,8,11.5443
163,15,4.36053
163,17,185.739
164,4,0.730855
164,5,569.614
164,8,6.42108
164,15,40.5972
164,17,373.397
165,4,18.7726
165,5,487.94
165,8,36.7383
165,15,27.8404
165,17,524.147
166,4,7.51645
166,5,1025.74
166,8,41.758
166,15,48.3837
166,17,579.602
167,4,16.5968
167,5,375.351
167,8,32.2485
167,15,25.3174
167,17,255.077
168,4,11.3371
168,5,485.997
168,8,43.8512
168,15,28.8368
168,17,302.634
169,4,7.61171
169,5,338.824
169,8,11.5578
169,15,17.8043
169,17,366.924
170,4,9.7888
170,5,722.267
170,8,27.6289
170,15,23.8847
170,17,488.486
171,4,10.7437
171,5,218.873
171,8,14.3847
171,15,6.95917
171,17,340.963
172,4,16.3325
172,5,271.65
172,8,31.7349
172,15,15.5388
172,17,238.365
173,4,17.0372
173,5,316.123
173,8,32.5255
173,15,14.3134
173,17,434.154
174,4,6.15901
174,5,318.267
174,8,33.189
174,15,4.80969
174,17,406.081
175,4,1.08788
175,5,178.603
175,8,9.13477
175,15,7.42524
175,17,336.899
176,4,6.97764
176,5,160.172
176,8,6.432
176,15,9.20983
176,17,320.74
177,4,3.45748
177,5,161.796
177,8,12.4723
177,15,4.27207
177,17,334.679
178,4,11.9467
178,5,277.59
178,8,23.5634
178,15,10.1866
178,17,417.541
179,4,11.9551
179,5,286.342
179,8,26.4905
179,15,10.321
179,17,409.248
180,4,6.68264
180,5,479.054
180,8,36.7545
180,15,5.50335
180,17,411.55
181,4,0.869482
181,5,391.598
181,8,50.3057
181,15,24.0419
181,17,262.011
182,4,6.06128
182,5,338.024
182,8,33.9336
182,15,4.84425
182,17,442.688
183,4,11.8741
183,5,249.659
183,8,21.7113
183,15,7.41046
183,17,410.999
184,4,4.40334
184,5,185.855
184,8,10.7234
184,15,7.16622
184,17,326.926
185,4,4.14953
185,5,196.917
185,8,18.8416
185,15,2.66514
185,17,357.829
186,4,18.5276
186,5,308.16
186,8,36.0
186,15,17.6272
186,17,270.401
187,4,12.2268
187,5,842.078
187,8,6.15032
187,15,9.88972
187,17,465.149
188,4,11.077
188,5,362.943
188,8,42.8453
188,15,17.4392
188,17,281.207
189,4,8.77813
189,5,234.24
189,8,18.8881
189,15,9.30784
189,17,288.081
190,4,3.97373
190,5,456.454
190,8,44.7794
190,15,5.28581
190,17,365.564
191,4,9.49531
191,5,408.099
191,8,16.5502
191,15,4.88077
191,17,411.926
192,4,7.62964
192,5,153.522
192,8,5.71776
192,15,7.80832
192,17,346.425
193,4,3.99865
193,5,160.007
193,8,12.6488
193,15,2.34615
193,17,376.985
194,4,5.78714
194,5,165.81
194,8,9.06102
194,15,3.60456
194,17,305.189
195,4,7.38082
195,5,185.645
195,8,11.2072
195,15,3.5544
195,17,337.296
196,4,8.85548
196,5,478.949
196,8,24.9946
196,15,4.87051
196,17,419.329
197,4,3.03519
197,5,213.894
197,8,22.8634
197,15,7.57553
197,17,232.845
198,4,13.3089
198,5,284.115
198,8,28.8487
198,15,12.0979
198,17,254.253
199,4,17.1834
199,5,334.05
199,8,32.7707
199,15,17.1696
199,17,70.7602
200,4,0.5724
200,5,447.746
200,8,61.3332
200,15,10.2708
200,17,32.8644
201,4,0.0
201,5,389.353
201,8,0.26782
201,15,57.9639
201,17,541.341
202,4,2.05765
202,5,603.038
202,8,22.2453
202,15,33.9756
202,17,437.381
203,4,2.25618
203,5,390.004
203,8,38.9494
203,15,12.4818
203,17,354.299
204,4,0.0
204,5,492.676
204,8,0.36431
204,15,66.1758
204,17,653.444
205,4,0.0
205,5,316.149
205,8,0.307644
205,15,39.1613
205,17,481.227
206,4,0.3486
206,5,389.718
206,8,70.052
206,15,8.3332
206,17,66.7984
207,4,2.71584
207,5,229.223
207,8,26.3761
207,15,6.70104
207,17,351.753
208,4,0.4
208,5,90.0
208,8,18.4
208,15,1.0
208,17,4.0
209,4,2.05854
209,5,603.623
209,8,22.2874
209,15,34.0065
209,17,437.586
210,4,4.1823
210,5,1026.11
210,8,50.3006
210,15,54.4603
210,17,1083.61
211,4,0.778565
211,5,88.0633
211,8,8.57371
211,15,1.80399
211,17,175.101
212,4,3.58046
212,5,153.752
212,8,9.94708
212,15,0.90428
212,17,63.9473
213,4,0.5
213,5,100.0
213,8,25.0
213,15,1.75
213,17,165.0
214,4,4.98797
214,5,358.064
214,8,27.1376
214,15,9.88039
214,17,419.2
215,4,1.00676
215,5,201.463
215,8,23.1002
215,15,1.93608
215,17,195.157
216,4,3.055
216,5,146.726
216,8,8.11408
216,15,0.94094
216,17,61.8088
217,4,0.01023
217,5,89.2772
217,8,8.21469
217,15,5.84133
217,17,223.884
218,4,0.0
218,5,621.0
218,8,85.05
218,15,8.445
218,17,0.0
219,4,0.0
219,5,509.625
219,8,101.25
219,15,8.775
219,17,0.0
220,4,0.0
220,5,536.625
220,8,74.925
220,15,13.845
220,17,0.0
221,4,0.0
221,5,698.625
221,8,90.12
221,15,16.545
221,17,0.0
222,4,0.0
222,5,408.375
222,8,54.675
222,15,9.795
222,17,0.0
223,4,0.0
223,5,587.25
223,8,72.57
223,15,16.545
223,17,0.0
224,4,0.0
224,5,411.75
224,8,46.575
224,15,10.8
224,17,0.0
225,4,0.0
225,5,509.625
225,8,101.25
225,15,8.775
225,17,0.0
226,4,4.7898
226,5,800.748
226,8,44.7846
226,15,88.0791
226,17,598.033
227,4,0.778888
227,5,469.156
227,8,8.90411
227,15,55.7613
227,17,395.48
228,4,0.132352
228,5,354.588
228,8,0.761024
228,15,50.8728
228,17,351.974
229,4,0.970181
229,5,463.38
229,8,8.78654
229,15,57.6068
229,17,421.919
230,4,1.3678
230,5,369.973
230,8,13.8082
230,15,42.2714
230,17,393.714
231,4,0.778888
231,5,469.156
231,8,8.90411
231,15,55.7613
231,17,395.48
232,4,1.2026
232,5,336.806
232,8,13.1361
232,15,40.0251
232,17,372.954
233,4,7.77824
233,5,1307.09
233,8,23.1912
233,15,77.4093
233,17,705.294
234,4,0.690286
234,5,83.4862
234,8,9.06
234,15,2.13797
234,17,175.831
235,4,1.42481
235,5,439.602
235,8,15.2497
235,15,28.8629
235,17,368.32
236,4,1.0037
236,5,238.85
236,8,23.6472
236,15,5.2092
236,17,187.31
237,4,13.1927
237,5,518.206
237,8,22.2496
237,15,6.544
237,17,483.261
238,4,13.2013
238,5,1570.42
238,8,23.8704
238,15,90.4173
238,17,739.899
239,4,2.08666
239,5,608.244
239,8,22.5131
239,15,34.2342
239,17,442.852
240,4,5.78289
240,5,328.718
240,8,17.6662
240,15,3.69651
240,17,416.3
241,4,3.71212
241,5,209.332
241,8,10.8562
241,15,1.71598
241,17,312.51
242,4,2.72357
242,5,238.164
242,8,26.4512
242,15,6.72011
242,17,352.754
243,4,2.12354
243,5,315.528
243,8,16.3953
243,15,9.75681
243,17,396.748
244,4,1.43279
244,5,656.047
244,8,24.6882
244,15,32.9228
244,17,327.276
245,4,1.2
245,5,14.0
245,8,2.6
245,15,0.9
245,17,345.0
246,4,2.36964
246,5,95.8737
246,8,4.69092
246,15,3.45774
246,17,216.332
247,4,16.0283
247,5,942.62
247,8,26.211
247,15,44.0621
247,17,634.453
248,4,1.2
248,5,124.0
248,8,28.4
248,15,2.0
248,17,4.0
249,4,1.9485
249,5,201.484
249,8,29.5479
249,15,6.81542
249,17,180.388
250,4,3.6
250,5,96.0
250,8,22.4
250,15,2.0
250,17,62.0
251,4,4.275
251,5,69.75
251,8,16.2
251,15,2.025
251,17,2.25
252,4,0.4
252,5,90.0
252,8,20.0
252,15,1.8
252,17,4.0
253,4,0.11374
253,5,99.0986
253,8,22.7635
253,15,0.94094
253,17,0.074965
254,4,0.24519
254,5,138.183
254,8,14.8229
254,15,8.43305
254,17,145.862
255,4,18.92
255,5,491.77
255,8,37.0267
255,15,28.0589
255,17,528.261
256,4,6.8514
256,5,629.024
256,8,30.5176
256,15,33.3535
256,17,506.552
257,4,7.33974
257,5,246.641
257,8,5.83843
257,15,16.2735
257,17,369.684
258,4,6.71732
258,5,568.907
258,8,30.6409
258,15,25.6855
258,17,538.652
259,4,12.8791
259,5,409.687
259,8,23.549
259,15,21.3633
259,17,463.765
260,4,4.44306
260,5,354.921
260,8,10.5159
260,15,22.6033
260,17,384.693
261,4,6.2307
261,5,318.798
261,8,9.7555
261,15,17.3391
261,17,346.738
262,4,7.61171
262,5,338.824
262,8,11.5578
262,15,17.8043
262,17,366.924
263,4,0.347232
263,5,473.957
263,8,43.9538
263,15,32.4951
263,17,285.844
264,4,3.375
264,5,108.0
264,8,25.875
264,15,2.025
264,17,1.125
265,4,0.0
265,5,136.08
265,8,29.484
265,15,3.24
265,17,4.86
266,4,0.480002
266,5,5.60003
266,8,1.04001
266,15,0.360002
266,17,138.001
267,4,0.30537
267,5,471.831
267,8,5.58148
267,15,49.7414
267,17,397.668
268,4,0.13332
268,5,700.747
268,8,1.59984
268,15,41.6292
268,17,482.718
269,4,0.73315
269,5,474.621
269,8,89.7682
269,15,8.4568
269,17,79.6747
270,4,0.299706
270,5,113.0
270,8,6.80023
270,15,1.5192
270,17,182.929
271,4,0.756926
271,5,169.78
271,8,11.0655
271,15,1.59796
271,17,25.8737
272,4,1.9941
272,5,191.572
272,8,29.9635
272,15,4.83786
272,17,154.838
273,4,0.850103
273,5,122.063
273,8,7.29955
273,15,1.48485
273,17,200.517
274,4,0.79635
274,5,170.096
274,8,9.20996
274,15,1.48883
274,17,203.242
275,4,2.36219
275,5,218.441
275,8,32.305
275,15,5.37794
275,17,166.978
276,4,1.11596
276,5,103.748
276,8,15.0348
276,15,2.26871
276,17,226.098
277,4,1.4748
277,5,519.787
277,8,15.7556
277,15,29.8757
277,17,381.229
278,4,5.80029
278,5,3082.9
278,8,55.1191
278,15,104.307
278,17,809.009
279,4,0.587763
279,5,1159.12
279,8,6.03793
279,15,40.3419
279,17,407.551
280,4,1.9536
280,5,165.771
280,8,19.8616
280,15,2.08384
280,17,11.396
281,4,6.29147
281,5,1040.52
281,8,44.2023
281,15,71.5283
281,17,621.019
282,4,2.70626
282,5,160.179
282,8,19.0271
282,15,6.20359
282,17,186.311
283,4,2.99387
283,5,170.604
283,8,27.4951
283,15,4.79392
283,17,220.143
284,4,0.0
284,5,23.8072
284,8,0.0
284,15,0.0044633
284,17,78.0341
285,4,3.825
285,5,105.75
285,8,27.225
285,15,0.9
285,17,1.125
286,4,6.48
286,5,162.0
286,8,36.0
286,15,1.8
286,17,3.24
287,4,1.02327
287,5,1310.61
287,8,10.4551
287,15,72.6967
287,17,714.954
288,4,1.14692
288,5,505.135
288,8,1.41015
288,15,58.7751
288,17,401.827
289,4,1.3833
289,5,631.549
289,8,6.88009
289,15,42.9551
289,17,391.392
290,4,1.79118
290,5,579.487
290,8,10.2495
290,15,63.4078
290,17,445.785
291,4,2.18158
291,5,196.114
291,8,30.0407
291,15,4.91736
291,17,156.194
292,4,1.14692
292,5,828.905
292,8,1.41015
292,15,47.4562
292,17,541.338
293,4,1.79118
293,5,618.494
293,8,10.2495
293,15,59.507
293,17,483.4
294,4,1.11703
294,5,193.819
294,8,23.2663
294,15,2.23405
294,17,177.768
295,4,4.89999
295,5,231.933
295,8,18.4403
295,15,11.4333
295,17,118.416
296,4,3.49821
296,5,206.478
296,8,24.0338
296,15,8.01127
296,17,214.358
297,4,2.88845
297,5,88.8355
297,8,6.00393
297,15,1.2361
297,17,57.7248
298,4,0.390654
298,5,285.888
298,8,22.6934
298,15,13.1402
298,17,219.601
299,4,0.0
299,5,392.0
299,8,392.0
299,15,4.0
299,17,0.0
300,4,0.41978
300,5,360.646
300,8,32.5421
300,15,21.2628
300,17,414.943
301,4,0.862937
301,5,201.241
301,8,22.8678
301,15,2.01352
301,17,193.801
302,4,12.4
302,5,380.0
302,8,92.8
302,15,4.8
302,17,2.0
303,4,2.59522
303,5,152.142
303,8,17.0242
303,15,5.74498
303,17,206.304
304,4,2.49108
304,5,372.705
304,8,35.4347
304,15,22.1128
304,17,413.618
305,4,2.15734
305,5,225.359
305,8,25.9988
305,15,4.08236
305,17,195.903
306,4,5.14311
306,5,930.484
306,8,34.9313
306,15,57.8775
306,17,503.117
307,4,0.858867
307,5,132.96
307,8,9.56519
307,15,5.36498
307,17,219.364
308,4,0.0
308,5,267.678
308,8,50.391
308,15,2.052
308,17,0.0
309,4,1.9536
309,5,165.771
309,8,19.8616
309,15,2.08384
309,17,11.396
310,4,0.750125
310,5,118.848
310,8,12.9279
310,15,2.53167
310,17,214.987
311,4,4.68859
311,5,712.843
311,8,52.8351
311,15,22.9564
311,17,453.887
312,4,0.81233
312,5,57.4076
312,8,10.5871
312,15,1.41042
312,17,166.014
313,4,3.22599
313,5,285.593
313,8,29.5744
313,15,3.96915
313,17,109.025
314,4,2.21731
314,5,203.085
314,8,25.0899
314,15,2.87209
314,17,269.076
315,4,12.4526
315,5,993.292
315,8,21.0557
315,15,50.4812
315,17,600.933
316,4,10.819
316,5,664.179
316,8,18.8574
316,15,24.6713
316,17,495.133
317,4,0.9
317,5,225.0
317,8,15.0
317,15,10.5
317,17,990.0
318,4,1.9485
318,5,188.061
318,8,29.6692
318,15,6.02736
318,17,215.894
319,4,0.0
319,5,185.954
319,8,0.0
319,15,29.2251
319,17,48.2617
320,4,0.943506
320,5,496.302
320,8,5.25159
320,15,52.4981
320,17,414.582
321,4,4.7898
321,5,852.904
321,8,44.7846
321,15,82.8635
321,17,648.326
322,4,0.0
322,5,965.578
322,8,0.325465
322,15,60.8045
322,17,610.572
323,4,0.0
323,5,269.562
323,8,0.26231
323,15,33.3905
323,17,410.315
324,4,0.24903
324,5,688.518
324,8,1.04593
324,15,41.2892
324,17,477.034
325,4,0.0
325,5,260.827
325,8,0.25381
325,15,32.3085
325,17,397.019
326,4,0.778888
326,5,503.852
326,8,8.90411
326,15,52.2917
326,17,428.937
327,4,0.4122
327,5,104.406
327,8,12.7507
327,15,1.07172
327,17,164.028
328,4,0.929281
328,5,107.287
328,8,10.6754
328,15,2.15321
328,17,208.969
329,4,2.05023
329,5,136.265
329,8,14.9451
329,15,4.67237
329,17,198.765
330,4,9.0
330,5,180.0
330,8,44.0
330,15,4.0
330,17,5.0
331,4,0.5
331,5,112.5
331,8,26.25
331,15,1.75
331,17,2.5
332,4,0.33344
332,5,357.031
332,8,80.4945
332,15,4.98076
332,17,20.5378
333,4,0.26312
333,5,345.628
333,8,77.9139
333,15,4.807
333,17,19.8706
334,4,3.0576
334,5,72.9456
334,8,0.84084
334,15,1.53972
334,17,50.7452
335,4,2.28694
335,5,666.589
335,8,24.6739
335,15,37.5022
335,17,485.358
336,4,0.84
336,5,9.8
336,8,1.68
336,15,0.63
336,17,140.0
337,4,1.101
337,5,432.141
337,8,15.9289
337,15,56.7901
337,17,399.804
338,4,2.07196
338,5,188.557
338,8,30.2038
338,15,4.84614
338,17,165.519
339,4,4.4604
339,5,1388.69
339,8,163.118
339,15,12.5056
339,17,385.172
340,4,17.7733
340,5,1469.94
340,8,35.6513
340,15,70.5344
340,17,821.9
341,4,2.70463
341,5,158.21
341,8,18.5155
341,15,5.55576
341,17,213.108
342,4,1.5434
342,5,133.749
342,8,12.2845
342,15,2.8233
342,17,232.929
343,4,1.31357
343,5,64.8522
343,8,7.4259
343,15,1.33476
343,17,192.666
344,4,5.48402
344,5,401.94
344,8,34.2336
344,15,9.74936
344,17,404.608
345,4,7.00905
345,5,1138.19
345,8,40.4903
345,15,89.235
345,17,717.66
346,4,0.864102
346,5,268.9
346,8,21.8213
346,15,12.4256
346,17,205.591
347,4,7.00905
347,5,1081.42
347,8,40.4903
347,15,94.9118
347,17,662.92
348,4,1.8473
348,5,351.321
348,8,14.9376
348,15,37.9971
348,17,382.781
349,4,2.31502
349,5,603.43
349,8,20.537
349,15,39.0747
349,17,498.193
350,4,2.19216
350,5,170.593
350,8,26.9593
350,15,4.4273
350,17,154.964
351,4,1.66975
351,5,1018.4
351,8,6.93587
351,15,69.6584
351,17,686.737
352,4,1.21696
352,5,195.71
352,8,21.4849
352,15,2.09096
352,17,197.037
353,4,0.371161
353,5,92.3366
353,8,5.38871
353,15,2.76309
353,17,55.1586
354,4,2.39371
354,5,208.053
354,8,33.512
354,15,5.45499
354,17,177.793
355,4,10.3574
355,5,353.536
355,8,15.6835
355,15,5.14473
355,17,421.868
356,4,0.135946
356,5,712.665
356,8,1.2745
356,15,42.7042
356,17,493.961
357,4,20.9879
357,5,461.892
357,8,44.8371
357,15,23.4719
357,17,400.28
358,4,0.3402
358,5,369.603
358,8,68.364
358,15,7.2576
358,17,60.1911
359,4,1.8126
359,5,539.317
359,8,82.6785
359,15,17.9208
359,17,57.4133
360,4,8.37706
360,5,487.338
360,8,32.2083
360,15,12.036
360,17,490.022
361,4,9.2
361,5,132.0
361,8,30.4
361,15,4.0
361,17,2.0
362,4,0.5
362,5,145.0
362,8,35.75
362,15,1.75
362,17,12.5
363,4,3.85789
363,5,1009.12
363,8,53.6856
363,15,58.5588
363,17,628.349
364,4,4.04789
364,5,832.353
364,8,56.3296
364,15,74.4173
364,17,669.202
365,4,1.21696
365,5,228.457
365,8,28.8973
365,15,3.05347
365,17,194.355
366,4,0.00722
366,5,209.033
366,8,44.9373
366,15,1.6245
366,17,0.00361
367,4,2.45
367,5,113.0
367,8,21.0
367,15,3.15
367,17,79.5
368,4,0.762584
368,5,623.513
368,8,7.24455
368,15,46.8387
368,17,440.493
369,4,0.7624
369,5,104.37
369,8,9.53495
369,15,1.4951
369,17,185.763
370,4,1.29199
370,5,137.007
370,8,11.9088
370,15,1.71891
370,17,209.156
371,4,2.00016
371,5,620.566
371,8,22.9352
371,15,34.9528
371,17,450.136
372,4,1.2229
372,5,166.696
372,8,16.2792
372,15,7.75254
372,17,208.124
373,4,6.66333
373,5,1485.17
373,8,63.7362
373,15,81.1767
373,17,737.558
374,4,0.498754
374,5,123.753
374,8,14.0378
374,15,4.09394
374,17,189.62
375,4,3.2
375,5,240.0
375,8,61.6
375,15,1.6
375,17,4.0
376,4,0.4
376,5,80.0
376,8,22.0
376,15,1.8
376,17,4.0
377,4,0.340526
377,5,119.503
377,8,10.5783
377,15,2.64731
377,17,204.2
378,4,18.7526
378,5,302.969
378,8,36.2637
378,15,17.9424
378,17,247.684
379,4,0.4752
379,5,442.174
379,8,61.7544
379,15,11.016
379,17,32.7348
380,4,2.0936
380,5,232.85
380,8,36.5333
380,15,7.5893
380,17,185.964
381,4,0.0
381,5,177.75
381,8,17.55
381,15,12.825
381,17,90.0
382,4,0.945744
382,5,501.07
382,8,116.787
382,15,5.58736
382,17,42.0358
383,4,0.211356
383,5,139.25
383,8,13.2487
383,15,6.6744
383,17,207.19
384,4,1.6232
384,5,368.669
384,8,31.3886
384,15,15.3595
384,17,648.194
385,4,4.84611
385,5,218.845
385,8,32.04
385,15,7.18731
385,17,339.678
386,4,5.10315
386,5,172.314
386,8,6.95599
386,15,8.6675
386,17,312.47
387,4,0.704608
387,5,789.271
387,8,20.6318
387,15,60.222
387,17,545.719
388,4,3.92407
388,5,290.071
388,8,30.4632
388,15,9.2732
388,17,404.128
389,4,7.30818
389,5,430.695
389,8,36.9395
389,15,10.7408
389,17,442.2
390,4,2.448
390,5,130.922
390,8,9.2259
390,15,8.8128
390,17,301.165
391,4,4.03518
391,5,434.555
391,8,33.3563
391,15,16.3482
391,17,387.425
392,4,2.76134
392,5,364.801
392,8,51.6509
392,15,13.7515
392,17,294.166
393,4,6.48701
393,5,311.014
393,8,14.0619
393,15,8.28001
393,17,395.315
394,4,7.65531
394,5,293.397
394,8,14.8759
394,15,13.0991
394,17,516.025
395,4,0.0
395,5,118.161
395,8,11.1617
395,15,7.41565
395,17,297.887
396,4,13.0304
396,5,206.806
396,8,20.0974
396,15,10.4276
396,17,369.702
397,4,6.24738
397,5,431.669
397,8,41.663
397,15,5.06824
397,17,368.668
398,4,1.03587
398,5,114.471
398,8,5.40639
398,15,4.76784
398,17,262.678
399,4,6.2699
399,5,138.878
399,8,4.16373
399,15,5.92968
399,17,300.923
400,4,5.36632
400,5,488.018
400,8,35.9793
400,15,4.59647
400,17,414.486
401,4,3.32514
401,5,120.416
401,8,6.83501
401,15,4.50457
401,17,256.704
402,4,3.68896
402,5,193.108
402,8,13.6895
402,15,2.21914
402,17,291.81
403,4,5.64255
403,5,207.498
403,8,9.65615
403,15,3.07317
403,17,299.634
404,4,0.683712
404,5,122.503
404,8,8.01132
404,15,3.32938
404,17,262.969
405,4,6.07977
405,5,189.521
405,8,7.41828
405,15,2.38675
405,17,286.797
