id,name,foodGroupId,cost,preference,preparingTime,cookingTime,co2
1,AKDENİZ SALATASI,9,6.04,1.8,15.0,0.0,2.7
2,ARMUT REÇELİ,4,4.0,0.6,0.0,0.0,0.7
3,AYVA REÇELİ,4,2.0,2.1,0.0,0.0,0.2
4,BAHARATLI ELMA DİLİM PATATES KIZARTMASI B,0,1.24,1.3,35.0,20.0,1.9
5,BAL,5,3.89,1.7,0.0,0.0,2.3
6,BEYAZ PEYNIR,1,0.69,7.2,0.0,0.0,8.0
7,BÖĞÜRTLEN REÇELİ,4,1.69,1.3,0.0,0.0,1.7
8,BROKOLİ SALATASI,9,1.98,1.5,20.0,10.0,0.9
9,ÇEÇİL PEYNİRİ,1,1.23,8.2,0.0,0.0,0.4
10,ÇILBIR,2,1.79,4.5,40.0,20.0,4.6
11,ÇİKOLATALI YULAF GEVREĞİ,14,1.52,2.4,3.0,0.0,2.1
12,ÇİLEK REÇELİ,4,4.5,1.1,0.0,0.0,1.9
13,ÇOBAN SALATASI,9,2.68,1.2,15.0,0.0,2.6
14,DİL PEYNİRİ,1,1.57,7.4,0.0,0.0,8.6
15,DOMATES SALATALIK SÖĞÜŞ,9,1.3,1.5,7.0,0.0,1.7
16,EKMEK,11,0.48,1.8,0.0,0.0,2.3
17,ELMA DİLİM PATATES KIZARTMASI B,0,1.14,2.1,20.0,15.0,2.0
18,ELMA SUYU,13,1.2,0.4,5.0,0.0,2.0
19,ERZİNCAN ÇORBASI,6,1.86,6.0,45.0,30.0,6.5
20,EZOGELİN ÇORBASI,6,1.0,2.6,30.0,25.0,6.2
21,FINDIK EZMESİ,12,2.53,8.4,0.0,0.0,9.4
22,GREYFURT SUYU,13,3.0,1.6,5.0,0.0,1.8
23,HAŞLANMIŞ YUMURTA,2,1.0,3.1,6.0,6.0,2.1
24,HAVUÇ SALATASI,9,0.92,1.3,15.0,10.0,0.7
25,HAVUÇ SUYU,13,3.75,2.4,5.0,0.0,0.8
26,HAVUÇ-TURP SALATASI,9,0.87,1.0,15.0,0.0,1.8
27,HAZIR PAKETLİ TATLI-TAHİN HELVASI,12,3.0,0.2,0.0,0.0,1.9
28,HİNDİ SALAMI,3,2.27,9.7,0.0,0.0,9.8
29,INCİR REÇELİ,4,2.25,1.7,0.0,0.0,2.3
30,ISPANAKLI GÜL BÖREĞİ,11,2.94,9.1,40.0,20.0,2.0
31,ISPANAKLI KOL BÖREĞİ,11,2.94,6.7,60.0,30.0,8.6
32,ISPANAKLI MİLFÖY BÖREĞİ,11,1.66,6.5,50.0,30.0,2.6
33,ISPANAKLI YUFKA BÖREĞİ,11,1.71,0.3,40.0,30.0,1.0
34,KARNABAHAR SALATASI,9,2.1,0.8,15.0,0.0,2.3
35,KAYISI SUYU,13,1.2,2.2,5.0,0.0,2.9
36,KAYMAK,1,1.68,2.1,0.0,0.0,2.1
37,KIYMALI MİLFÖY BÖREĞİ,11,2.98,8.0,30.0,20.0,9.4
38,KIYMALI YUFKA BÖREĞİ,11,3.16,9.3,65.0,40.0,9.6
39,KREP,7,1.35,2.7,35.0,20.0,1.5
40,KRUVASAN,11,7.21,1.5,50.0,20.0,7.9
41,KURU KAYISI,8,1.05,1.8,0.0,0.0,0.9
42,KUŞBURNU MARMELATI,12,1.23,2.2,0.0,0.0,2.6
43,KÜP PATATES KIZARTMASI B,0,0.22,1.1,30.0,25.0,0.2
44,LOR PEYNİRİ,1,0.38,6.4,0.0,0.0,9.8
45,MAKARNA SALATASI,9,1.02,1.3,27.0,12.0,1.8
46,MENEMEN,10,4.33,1.0,30.0,15.0,0.5
47,MERCİMEK ÇORBASI,6,0.94,6.6,50.0,40.0,8.1
48,MEVSİM SALATASI,9,1.02,2.9,15.0,0.0,2.3
49,MEYVE SUYU,13,1.5,1.8,5.0,0.0,1.7
50,MEYVELİ YULAF GEVREĞİ,14,2.65,0.2,3.0,0.0,0.3
51,NARLI KAHVALTI SALATASI,9,2.54,1.0,10.0,0.0,1.1
52,ÖRGÜ PEYNİRİ,1,1.4,0.7,0.0,0.0,2.6
53,PANKEK,7,1.6,0.9,35.0,20.0,0.6
54,PARMAK PATATES KIZARTMASI B,0,0.26,1.7,30.0,20.0,1.2
55,PATATES PÜRESİ B,0,0.2,0.7,45.0,30.0,1.3
56,PATATES SALATASI,9,0.9,1.3,35.0,20.0,2.3
57,PATATESLİ GÜL BÖREĞİ,11,2.94,3.3,35.0,25.0,8.0
58,PATATESLİ KOL BÖREĞİ,11,2.94,3.9,35.0,25.0,7.0
59,PATATESLİ MİLFÖY BÖREĞİ,11,1.42,1.8,30.0,20.0,5.0
60,PATATESLİ YUFKA BÖREĞİ,11,1.45,5.1,35.0,25.0,9.1
61,PERMESAN PEYNİRİ,1,4.55,5.7,0.0,0.0,1.7
62,PEYNİRLİ AKDENİZ SALATASI,9,2.37,1.5,15.0,0.0,1.5
63,PEYNİRLİ GÜL BÖREĞİ,11,2.94,4.2,35.0,25.0,7.3
64,PEYNİRLİ KOL BÖREĞİ,11,2.94,9.6,35.0,25.0,9.0
65,PEYNİRLİ MİLFÖY BÖREĞİ,11,1.85,0.4,30.0,20.0,7.4
66,PEYNİRLİ YUFKA BÖREĞİ,11,2.04,0.1,35.0,25.0,7.2
67,PORTAKAL SUYU,13,1.08,0.5,5.0,0.0,0.5
68,POŞE YUMURTA,2,1.0,8.3,10.0,5.0,8.0
69,ROKA SALATASI,9,2.73,2.1,15.0,0.0,0.7
70,SEBZE GARNİTÜR (HAŞLANMIŞ),9,0.68,1.5,25.0,15.0,0.7
71,SEBZELİ GÜL BÖREĞİ,11,2.94,3.1,35.0,25.0,2.3
72,SEBZELİ KOL BÖREĞİ,11,2.94,4.2,35.0,25.0,2.6
73,SEBZELİ YUFKA BÖREĞİ,11,1.57,0.2,35.0,25.0,5.4
74,SEMİZOTU SALATASI,9,0.71,0.3,10.0,0.0,0.9
75,SİMİT,11,4.0,0.1,0.0,0.0,6.8
76,SİYAH ZEYTIN,8,0.66,3.5,0.0,0.0,0.9
77,SOSİS,3,1.2,7.4,0.0,0.0,10.0
78,SOSİSLİ MİLFÖY BÖREĞİ,11,1.25,8.6,30.0,20.0,7.4
79,SÜT,1,1.4,2.2,0.0,0.0,3.2
80,ŞEFTALİ REÇELİ,4,2.0,2.8,0.0,0.0,2.9
81,ŞEFTALİ SUYU,13,1.5,0.7,5.0,0.0,1.1
82,TAHİN PEKMEZ,4,0.69,2.6,2.0,0.0,1.7
83,TALAŞ BÖREĞİ,11,5.25,8.2,50.0,30.0,0.1
84,TAM BUĞDAY EKMEK,11,0.48,0.5,0.0,0.0,2.3
85,TAVADA YUMURTA,2,1.15,5.9,10.0,5.0,1.2
86,ÜZÜM PEKMEZİ,4,0.45,2.4,0.0,0.0,2.4
87,VİŞNE REÇELİ,4,2.25,0.1,0.0,0.0,2.7
88,VİŞNE SUYU,13,1.2,2.8,5.0,0.0,1.0
89,YABAN MERSİNİ MARMELATI,12,1.23,1.7,0.0,0.0,0.6
90,YAZ HELVASI,12,1.22,1.8,20.0,10.0,2.9
91,YER FISTIĞI EZMESİ,12,0.91,9.6,0.0,0.0,4.5
92,YEŞİL ZEYTIN,8,0.75,6.9,0.0,0.0,5.1
93,YOĞURT B,1,1.05,0.9,0.0,0.0,7.4
94,YULAF GEVREĞİ,14,0.85,1.0,3.0,0.0,0.5
95,AKDENİZ SALATASI LD,25,3.02,2.5,15.0,0.0,1.7
96,ALACA ÇORBASI,24,0.6,9.6,35.0,20.0,7.5
97,ALİ NAZİK,28,9.28,7.5,70.0,35.0,7.7
98,ALİ PAŞA PİLAVI,18,3.93,2.1,50.0,20.0,5.8
99,ANDALOZ ÇORBASI,24,0.76,3.3,50.0,20.0,1.1
100,ANKARA TAVA,28,8.28,9.7,40.0,20.0,5.3
101,ANTEP FISTIKLI BAKLAVA,19,8.93,7.7,100.0,60.0,6.5
102,ANTEP FISTIKLI SARAY SARMA,19,10.5,2.2,105.0,35.0,9.1
103,ANTEP FISTIKLI SARI BURMA,19,8.4,7.8,90.0,40.0,7.2
104,ANTEP FISTIKLI TEL KADAYIF,19,10.0,6.1,35.0,15.0,2.6
105,ARMUT,20,2.0,1.3,0.0,0.0,0.3
106,ARNAVUT CİĞERİ,28,8.03,7.1,60.0,40.0,8.8
107,ARPA ŞEHRİYE ÇORBASI,24,0.76,7.9,65.0,45.0,6.4
108,ARPA ŞEHRİYE PİLAVI,18,0.55,8.9,35.0,25.0,5.5
109,ARPA ŞEHRİYELİ AYRAN ÇORBASI,24,0.37,3.8,25.0,15.0,1.5
110,ARRABİATA SOSLU MAKARNA,21,0.64,6.0,40.0,20.0,8.0
111,AŞURE,19,1.98,1.6,55.0,30.0,2.8
112,AYRAN,26,1.4,3.1,5.0,0.0,2.3
113,AYVA,20,1.32,0.5,0.0,0.0,0.9
114,AYVA TATLISI,19,1.59,1.1,0.0,0.0,0.9
115,BADEMLİ MUHALLEBİ,19,2.16,0.2,35.0,15.0,3.2
116,BADEMLİ PİRİNÇ PİLAVI,18,2.58,3.0,30.0,20.0,3.5
117,BAHARATLI ELMA DİLİM PATATES KIZARTMASI,22,1.24,0.8,35.0,20.0,0.7
118,BAHÇIVAN KEBABI,28,7.77,8.3,60.0,40.0,8.2
119,BAHÇIVAN KÖFTE,28,6.57,7.8,90.0,45.0,8.4
120,BALIK  BUĞULAMA,23,13.09,2.3,45.0,30.0,0.1
121,BALIK KIZARTMASI,23,12.77,1.7,25.0,15.0,2.1
122,BALIK PANE,23,7.24,2.7,30.0,15.0,1.2
123,BARBUNYA PİLAKİ,17,0.97,6.8,55.0,35.0,6.3
124,BOLONEZ SOSLU MAKARNA,21,0.94,3.8,50.0,30.0,9.4
125,BÖFSTRAGONOF,28,7.39,8.1,50.0,30.0,8.8
126,BROKOLİ SALATASI LD,25,2.37,1.9,20.0,10.0,0.5
127,BUĞDAY RİSOTTO,17,0.99,5.1,55.0,40.0,1.0
128,BULGUR ÇORBASI,24,0.64,5.0,45.0,30.0,0.1
129,BULGUR PİLAVI,18,1.19,3.6,30.0,20.0,6.0
130,BÜLBÜL YUVASI,19,1.59,1.7,70.0,30.0,3.5
131,CACIK,22,1.52,0.1,15.0,0.0,2.3
132,CACIK LD,25,1.5,2.8,15.0,0.0,2.5
133,CEVİZLİ BAKLAVA,19,7.35,3.3,130.0,40.0,0.2
134,CEVİZLİ ERİŞTE,21,1.21,4.7,45.0,25.0,7.4
135,CEVİZLİ KABAK TATLISI,19,1.89,5.7,55.0,45.0,9.7
136,CEVİZLİ SARAY SARMA,19,8.4,0.2,105.0,35.0,2.7
137,CEVİZLİ SARI BURMA,19,7.35,4.9,90.0,40.0,4.3
138,CEVİZLİ TEL KADAYIF,19,8.0,5.9,35.0,15.0,8.3
139,ÇİLEK,20,1.49,2.1,0.0,0.0,0.1
140,ÇOBAN KAVURMA,28,10.62,7.9,35.0,20.0,7.6
141,ÇOBAN SALATASI LD,25,1.34,2.6,15.0,0.0,0.9
142,DALYAN KÖFTE,28,6.75,9.9,80.0,50.0,7.6
143,DANA EMENSE,28,7.95,7.6,55.0,40.0,7.3
144,DANA HAŞLAMA,28,7.67,7.1,70.0,50.0,9.7
145,DANA KIZARTMA,28,7.39,9.2,60.0,45.0,7.4
146,DANA ROSTO,28,8.39,7.3,75.0,30.0,7.4
147,DOMATES SALATALIK SÖĞÜŞ LD,25,1.3,1.6,7.0,0.0,0.5
148,DOMATES SOSLU FIRIN PİLİÇ,15,3.56,8.2,55.0,45.0,9.8
149,DOMATES SOSLU HİNDİ FIRIN,15,7.14,8.2,175.0,160.0,8.9
150,DOMATESLİ BİBERLİ ERİŞTE,21,0.54,3.1,30.0,25.0,5.2
151,DOMATESLİ ERİŞTE,21,0.51,8.2,30.0,25.0,9.3
152,DOMATESLİ MAKARNA,21,0.5,6.5,30.0,20.0,2.4
153,DOMATESLİ PİRİNÇ PİLAVI,18,1.74,9.7,65.0,35.0,5.7
154,DÜĞÜN ÇORBASI,24,2.39,7.9,65.0,25.0,0.0
155,EKMEK LD,27,0.48,0.4,0.0,0.0,2.6
156,EKŞİLİ KÖFTE,28,6.11,7.1,45.0,25.0,8.5
157,ELBASAN TAVA,28,7.95,2.3,115.0,80.0,8.1
158,ELMA,20,1.16,1.0,0.0,0.0,1.2
159,ELMA DİLİM PATATES KIZARTMASI,22,1.14,1.9,20.0,15.0,1.3
160,ELMA SUYU LD,26,1.2,2.5,5.0,0.0,0.6
161,ERİK,20,3.0,8.1,0.0,0.0,0.7
162,ERİŞTE,21,0.45,6.8,20.0,10.0,4.0
163,ERZİNCAN ÇORBASI LD,24,1.64,1.0,45.0,30.0,7.5
164,ET  SOTE,28,7.65,10.0,50.0,30.0,8.0
165,ETLİ BEZELYE,28,4.58,7.0,50.0,30.0,9.5
166,ETLİ GÜVEÇ,28,5.76,7.2,105.0,90.0,9.9
167,ETLİ KURU FASULYE,28,3.16,7.5,60.0,55.0,7.8
168,ETLİ NOHUT,28,3.28,7.9,40.0,30.0,7.2
169,ETLİ TAZE FASULYE,28,4.8,7.4,45.0,30.0,9.1
170,ETLİ TÜRLÜ,28,4.63,8.6,65.0,60.0,7.7
171,ETSİZ BAMYA,16,3.65,0.6,40.0,20.0,1.4
172,ETSİZ BARBUNYA,17,1.38,2.3,55.0,35.0,1.8
173,ETSİZ BEZELYE,17,2.79,1.1,55.0,40.0,0.6
174,ETSİZ BİBER DOLMASI,16,2.43,3.0,45.0,35.0,2.3
175,ETSİZ BROKOLİ,16,2.61,1.4,35.0,20.0,0.2
176,ETSİZ BULGURLU ISPANAK,16,1.57,1.7,45.0,35.0,0.9
177,ETSİZ BULGURLU KABAK YAHNİ,16,1.42,0.6,55.0,35.0,0.7
178,ETSİZ BULGURLU LAHANA,16,0.96,2.1,60.0,40.0,2.4
179,ETSİZ BULGURLU PATATESLİ LAHANA,16,0.91,0.0,60.0,40.0,2.8
180,ETSİZ GÜVEÇ,16,1.29,0.3,90.0,60.0,2.0
181,ETSİZ HAVUÇLU YEŞİL MERCİMEK,17,1.6,1.2,50.0,40.0,0.4
182,ETSİZ KABAK DOLMASI,16,2.31,2.2,45.0,25.0,0.9
183,ETSİZ KAPUSKA,16,1.02,2.2,65.0,30.0,0.9
184,ETSİZ KARNABAHAR,16,2.87,1.2,30.0,25.0,1.4
185,ETSİZ KEREVİZ,16,1.23,1.0,35.0,20.0,0.0
186,ETSİZ KURU FASULYE,17,1.57,1.5,65.0,50.0,2.9
187,ETSİZ MANTAR SOTE,16,4.39,1.9,45.0,25.0,2.9
188,ETSİZ NOHUT,17,1.11,1.1,40.0,30.0,1.6
189,ETSİZ NOHUTLU BRÜKSEL LAHANASI,16,1.74,0.6,45.0,30.0,2.2
190,ETSİZ PATATES OTURTMASI,16,0.59,0.3,30.0,20.0,1.5
191,ETSİZ PATLICAN MUSAKKA,16,1.79,0.8,35.0,15.0,0.1
192,ETSİZ PİRİNÇLİ ISPANAK,16,1.78,2.3,35.0,25.0,0.2
193,ETSİZ PİRİNÇLİ KABAK YAHNİ,16,1.67,2.1,50.0,30.0,2.9
194,ETSİZ PİRİNÇLİ PIRASA,16,1.28,1.0,35.0,25.0,2.3
195,ETSİZ TAZE FASULYE,16,3.21,0.7,55.0,45.0,1.5
196,ETSİZ TÜRLÜ,16,2.55,1.0,70.0,40.0,0.7
197,EZOGELİN ÇORBASI LD,24,1.12,9.4,30.0,25.0,2.2
198,FASULYE PİLAKİ,25,1.16,2.5,60.0,40.0,5.2
199,FASULYE PİYAZI,25,1.54,7.2,35.0,20.0,5.5
200,FINDIKLI İRMİK HELVASI,19,0.9,1.5,20.0,15.0,0.5
201,FIRIN BALIK,23,12.72,0.1,55.0,45.0,2.4
202,FIRIN KÖFTE,28,5.8,7.3,40.0,25.0,9.3
203,FIRIN MAKARNA,21,1.44,6.8,35.0,20.0,9.2
204,FIRIN PİLİÇ,15,3.4,8.5,55.0,45.0,8.5
205,FIRIN PİLİÇ BAGET,15,3.9,7.5,70.0,40.0,8.1
206,FIRIN SÜTLAÇ,19,1.39,4.7,60.0,40.0,2.7
207,FIRINDA KABAK MÜCVER,16,1.32,5.8,60.0,45.0,9.8
208,GREYFURT SUYU LD,26,3.0,2.2,5.0,0.0,2.2
209,HAMBURGER KÖFTE,28,5.81,8.4,40.0,25.0,9.0
210,HASANPAŞA KÖFTE,28,6.24,7.7,45.0,20.0,8.0
211,HAVUÇ ÇORBASI,24,0.67,1.2,30.0,15.0,2.2
212,HAVUÇ SALATASI LD,25,0.92,1.6,15.0,10.0,0.6
213,HAVUÇ SUYU LD,26,3.75,1.0,5.0,0.0,2.0
214,HAVUÇ TARATOR,25,1.39,1.2,25.0,15.0,1.5
215,HAVUÇLU PİRİNÇ PİLAVI,18,1.75,2.4,35.0,30.0,2.8
216,HAVUÇ-TURP SALATASI LD,25,0.87,2.3,15.0,0.0,0.5
217,HAYDARİ,25,2.03,8.2,20.0,5.0,2.4
218,HAZIR PAKETLİ SÜTLÜ TATLI-FINDIKLI KREM ŞOKOLA,19,5.0,7.3,0.0,0.0,9.6
219,HAZIR PAKETLİ SÜTLÜ TATLI-KAZANDİBİ,19,7.5,7.5,0.0,0.0,9.6
220,HAZIR PAKETLİ SÜTLÜ TATLI-KEŞKÜL,19,5.0,7.9,0.0,0.0,9.3
221,HAZIR PAKETLİ SÜTLÜ TATLI-PROFİTEROL,19,7.5,7.6,0.0,0.0,9.6
222,HAZIR PAKETLİ SÜTLÜ TATLI-SAKIZLI MUHALLEBİ,19,5.0,8.8,0.0,0.0,8.2
223,HAZIR PAKETLİ SÜTLÜ TATLI-SUPANGLE,19,5.0,7.5,0.0,0.0,8.9
224,HAZIR PAKETLİ SÜTLÜ TATLI-SÜTLAÇ,19,5.0,7.0,0.0,0.0,7.5
225,HAZIR PAKETLİ SÜTLÜ TATLI-TAVUK GÖĞSÜ,19,5.0,9.3,0.0,0.0,10.0
226,HİNDİ HAŞLAMA,15,6.12,7.9,45.0,35.0,8.2
227,HİNDİ KIZARTMA,15,6.31,7.6,40.0,30.0,9.8
228,HİNDİ KÜLBASTI,15,6.17,7.9,40.0,20.0,7.3
229,HİNDİ ROSTO,15,6.02,7.9,90.0,60.0,7.0
230,HİNDİ ROSTO KÖFTE,15,5.26,9.4,80.0,60.0,7.2
231,HİNDİ SOTE,15,5.89,8.3,35.0,20.0,7.3
232,HİNDİ TEPSİ KÖFTE,15,5.06,9.7,40.0,30.0,9.5
233,HÜNKAR BEĞENDİ (BEĞENDİLİ KEBAP),28,8.58,9.6,50.0,30.0,8.7
234,ISPANAKLI PATATES ÇORBASI,24,0.56,0.5,45.0,30.0,2.7
235,IZGARA KÖFTE,28,5.63,8.9,25.0,15.0,9.9
236,İÇ PİLAV,18,2.52,3.9,50.0,30.0,2.4
237,İMAMBAYILDI,28,1.91,8.0,50.0,30.0,7.1
238,İSLİM KEBABI,28,8.84,9.5,50.0,30.0,7.3
239,İZMİR KÖFTE,28,5.81,9.3,65.0,30.0,7.9
240,KABAK BAYILDI,28,1.62,9.4,75.0,45.0,9.2
241,KABAK KALYE,16,1.42,3.6,30.0,15.0,5.6
242,KABAK MÜCVER,16,1.33,9.7,25.0,10.0,3.8
243,KABAK TARATOR,25,1.5,6.3,20.0,10.0,1.1
244,KADINBUDU KÖFTE,28,5.94,7.5,50.0,30.0,9.2
245,KARIŞIK TURŞU,25,1.8,1.1,0.0,0.0,4.3
246,KARNABAHAR SALATASI LD,25,2.1,0.9,15.0,0.0,1.2
247,KARNIYARIK,28,5.35,7.7,50.0,25.0,7.9
248,KARPUZ,20,1.2,6.5,0.0,0.0,1.1
249,KAŞAR PEYNİRLİ MAKARNA,21,0.97,1.7,35.0,30.0,3.5
250,KAVUN,20,1.4,6.3,0.0,0.0,7.7
251,KAYISI,20,7.5,2.7,0.0,0.0,0.8
252,KAYISI SUYU LD,26,1.2,1.6,5.0,0.0,0.4
253,KEMALPAŞA TATLISI,19,0.93,3.2,60.0,30.0,7.4
254,KISIR,22,0.57,8.7,20.0,5.0,3.6
255,KIYMALI BEZELYE,28,4.62,9.9,55.0,30.0,8.3
256,KIYMALI BİBER DOLMASI,28,5.7,8.4,60.0,30.0,8.7
257,KIYMALI ISPANAK,28,3.09,8.7,40.0,30.0,7.9
258,KIYMALI KABAK DOLMASI,28,4.67,9.5,60.0,30.0,7.8
259,KIYMALI KAPUSKA,28,2.61,8.2,60.0,40.0,9.0
260,KIYMALI KARNABAHAR,28,4.85,7.7,35.0,20.0,9.5
261,KIYMALI PIRASA,28,3.27,8.7,50.0,40.0,8.7
262,KIYMALI TAZE FASULYE,28,4.8,9.5,50.0,35.0,7.3
263,KIYMALI YEŞİL MERCİMEK,28,3.71,9.3,60.0,30.0,9.8
264,KİRAZ,20,6.0,3.0,0.0,0.0,6.4
265,KİVİ,20,3.06,0.9,0.0,0.0,0.2
266,KORNİŞON TURŞU,25,1.33,1.0,0.0,0.0,6.0
267,KÖRİ SOSLU PİLİÇ  SOTE,15,4.11,7.8,40.0,25.0,7.3
268,KÖRİ SOSLU PİLİÇ KAVURMA ,15,3.96,8.3,50.0,25.0,10.0
269,KREM ŞOKOLA,19,1.38,5.3,20.0,15.0,8.6
270,KREMALI BROKOLİ ÇORBASI,24,1.53,5.4,40.0,25.0,8.2
271,KREMALI DOMATES  ÇORBASI,24,1.19,6.5,35.0,20.0,0.5
272,KREMALI FESLEĞENLİ MAKARNA,21,0.74,5.3,25.0,15.0,9.8
273,KREMALI ISPANAK ÇORBASI,24,1.24,7.7,50.0,30.0,2.1
274,KREMALI MANTAR ÇORBASI,24,1.66,7.5,50.0,25.0,2.8
275,KREMALI MANTARLI FESLEĞENLİ MAKARNA,21,0.95,6.3,50.0,30.0,1.3
276,KREMALI SÜTLÜ PATATES,16,0.48,3.8,55.0,40.0,1.4
277,KURU KÖFTE,28,5.69,8.5,35.0,20.0,8.0
278,KUZU HAŞLAMA,28,17.54,8.7,60.0,40.0,9.3
279,KUZU KIZARTMA,28,12.96,8.4,190.0,170.0,7.8
280,KÜP PATATES KIZARTMASI,22,0.22,1.5,30.0,25.0,1.2
281,MACAR GULAŞ,28,7.84,3.8,60.0,40.0,0.6
282,MAHLUTA ÇORBASI,24,0.94,1.8,40.0,30.0,7.0
283,MAKARNA SALATASI LD,25,1.05,1.5,27.0,12.0,0.2
284,MAKARNA-KUSKUS,21,2.1,4.1,50.0,30.0,9.5
285,MALTA ERİĞİ,20,2.4,9.8,0.0,0.0,0.7
286,MANDALİNA,20,1.07,7.5,0.0,0.0,6.2
287,MANTAR SOSLU PİLİÇ IZGARA,15,5.24,9.0,40.0,30.0,9.9
288,MANTARLI HİNDİ KAVURMA,15,6.64,8.1,60.0,40.0,8.6
289,MANTARLI ET SOTE,28,7.54,9.6,30.0,20.0,8.3
290,MANTARLI HİNDİ SOTE,15,6.29,8.0,40.0,30.0,7.2
291,MANTARLI MAKARNA,21,0.71,8.4,50.0,30.0,8.1
292,MANTARLI PİLİÇ KAVURMA,15,4.26,8.3,40.0,30.0,9.8
293,MANTARLI PİLİÇ SOTE,15,4.47,8.5,30.0,20.0,9.2
294,MELEK PİLAVI,18,1.52,0.2,50.0,30.0,4.6
295,MENEMEN LD,16,4.69,1.0,30.0,15.0,1.7
296,MERCİMEK ÇORBASI LD,24,1.03,5.9,50.0,40.0,4.5
297,MEVSİM SALATASI LD,25,1.08,0.7,15.0,0.0,0.0
298,MEYHANE PİLAVI,18,0.79,6.3,40.0,20.0,3.8
299,MEYVE SUYU LD,26,1.5,0.9,5.0,0.0,2.7
300,MISIRLI AYRAN ÇORBASI,24,1.41,5.1,25.0,15.0,0.6
301,MISIRLI PİRİNÇ PİLAVI,18,1.9,4.4,40.0,30.0,7.6
302,MUZ,20,2.0,1.9,0.0,0.0,2.4
303,NOHUT ÇORBASI,24,0.81,2.9,65.0,50.0,3.2
304,NOHUTLU AYRAN  ÇORBASI,24,1.3,4.0,60.0,40.0,4.7
305,NOHUTLU PİRİNÇ PİLAVI,18,1.75,9.5,30.0,25.0,7.4
306,ORMAN  KEBABI,28,7.22,9.5,50.0,35.0,7.9
307,OSMANLI ÇORBASI,24,2.15,1.7,55.0,35.0,9.8
308,OSMANLI TULUMBA TATLISI,19,2.7,4.1,55.0,25.0,8.0
309,PARMAK PATATES KIZARTMASI,22,0.26,2.1,30.0,20.0,2.9
310,PATATES ÇORBASI,24,0.52,7.5,50.0,30.0,5.2
311,PATATES OTURTMASI,28,2.77,9.0,50.0,30.0,4.4
312,PATATES PÜRESİ,22,0.21,1.9,45.0,30.0,1.9
313,PATATES SALATASI LD,25,0.9,0.7,35.0,20.0,2.1
314,PATATES SOTE,16,0.39,0.8,25.0,15.0,3.4
315,PATLICAN KEBABI,28,6.12,7.9,75.0,50.0,7.8
316,PATLICAN MUSAKKA,28,3.92,9.3,35.0,15.0,5.9
317,PEYNİRLİ AKDENİZ SALATASI LD,25,2.37,1.5,15.0,0.0,0.3
318,PEYNİRLİ MAKARNA,21,0.73,4.6,20.0,15.0,0.2
319,PİLİÇ   ŞİNİTZEL,15,2.65,7.9,50.0,40.0,8.2
320,PİLİÇ EMENSE,15,4.34,7.8,65.0,35.0,7.5
321,PİLİÇ HAŞLAMA,15,4.3,8.5,35.0,25.0,7.5
322,PİLİÇ IZGARA,15,4.82,7.3,30.0,20.0,7.9
323,PİLİÇ KAPAMA,15,3.62,10.0,60.0,50.0,7.2
324,PİLİÇ KAVURMA,15,3.86,8.7,25.0,20.0,9.6
325,PİLİÇ PİRZOLA,15,2.37,8.3,35.0,30.0,9.5
326,PİLİÇ SOTE,15,4.07,7.7,40.0,25.0,7.4
327,PİRİNÇ PİLAVI,18,3.8,8.7,35.0,20.0,7.1
328,PİRİNÇLİ HAVUÇ ÇORBASI,24,0.94,0.6,40.0,30.0,0.3
329,PİRİNÇLİ NOHUT ÇORBASI,24,0.94,7.1,35.0,25.0,7.1
330,PORTAKAL,20,1.59,1.2,0.0,0.0,2.4
331,PORTAKAL SUYU LD,26,1.08,1.3,5.0,0.0,2.3
332,PORTAKALLI REVANİ,19,0.86,1.5,60.0,40.0,0.3
333,REVANİ,19,0.83,1.9,60.0,40.0,5.2
334,ROKA SALATASI LD,25,0.87,2.5,15.0,0.0,1.2
335,ROSTO KÖFTE,28,6.37,8.0,65.0,45.0,9.6
336,SALATALIK TURSUSU,25,0.36,0.2,0.0,0.0,1.1
337,SALÇALI HİNDİ BİFTEK,15,5.85,9.5,40.0,30.0,9.7
338,SALÇALI MAKARNA,21,0.54,1.2,25.0,15.0,9.9
339,SAMSA TATLISI,19,1.99,9.1,55.0,35.0,7.0
340,SANDAL KEBABI,28,6.82,10.0,55.0,40.0,9.0
341,SARAY ÇORBASI,24,0.86,6.4,40.0,30.0,1.3
342,SEBZE ÇORBASI,24,0.8,6.2,35.0,20.0,1.3
343,SEBZE GARNİTÜR (HAŞLANMIŞ) LD,25,0.86,1.6,25.0,15.0,2.7
344,SEBZE GRATEN,16,1.5,9.7,50.0,30.0,2.8
345,SEBZELİ  PİLİÇ KEBAP,28,4.73,8.7,55.0,40.0,7.0
346,SEBZELİ BULGUR PİLAVI,18,0.8,2.5,45.0,25.0,1.9
347,SEBZELİ HİNDİ KEBAP,15,6.97,7.2,50.0,30.0,9.8
348,SEBZELİ HİNDİ ROSTO KÖFTE,15,4.69,8.7,50.0,40.0,7.5
349,SEBZELİ KAŞARLI IZGARA KÖFTE,28,6.48,7.2,40.0,20.0,9.3
350,SEBZELİ MAKARNA,21,0.62,2.8,45.0,30.0,6.5
351,SEBZELİ PİLİÇ SARMA,15,4.96,9.9,60.0,30.0,9.3
352,SEBZELİ PİRİNÇ PİLAVI,18,1.83,1.9,40.0,25.0,3.4
353,SEMİZOTU SALATASI LD,25,0.77,0.9,10.0,0.0,2.4
354,SOSLU MAKARNA,21,0.59,8.2,40.0,30.0,1.1
355,SOSLU PATLICAN KIZARTMASI,16,1.81,2.8,40.0,25.0,3.7
356,SOYA SOSLU PİLİÇ KAVURMA,15,4.05,8.0,40.0,20.0,8.9
357,SUCUKLU KURU FASULYE,17,4.55,8.8,45.0,30.0,8.5
358,SÜTLAÇ,19,1.33,3.2,40.0,30.0,8.3
359,SÜTLÜ İRMİK TATLISI,19,1.38,4.2,40.0,20.0,0.9
360,ŞAKŞUKA,16,1.72,0.8,45.0,20.0,0.8
361,ŞEFTALİ,20,3.6,1.8,0.0,0.0,0.7
362,ŞEFTALİ SUYU LD,26,0.0,1.6,5.0,0.0,2.2
363,ŞEHRİYELİ  GÜVEÇ,28,7.79,1.7,45.0,30.0,4.1
364,ŞEHRİYELİ HİNDİ GÜVEÇ,15,6.63,8.0,55.0,40.0,9.2
365,ŞEHRİYELİ PİRİNÇ PİLAVI,18,1.72,2.7,45.0,25.0,8.9
366,ŞEKERPARE,19,2.33,5.5,50.0,35.0,5.9
367,TAM BUĞDAY EKMEK LD,27,0.48,1.2,0.0,0.0,2.7
368,TAS KEBABI,28,9.08,7.8,70.0,50.0,8.2
369,TEL ŞEHRİYE ÇORBASI,24,0.78,3.6,25.0,20.0,1.8
370,TEL ŞEHRİYELİ HAVUÇ ÇORBASI,24,0.83,0.8,30.0,20.0,3.0
371,TEPSİ KÖFTE,28,6.05,8.3,40.0,30.0,8.3
372,TOYGA ÇORBASI,24,0.77,4.0,35.0,25.0,7.4
373,TUNUS KEBABI,28,7.65,9.7,40.0,30.0,7.2
374,TUTMAÇ ÇORBASI,24,0.87,9.7,45.0,35.0,2.5
375,ÜZÜM,20,3.0,0.4,0.0,0.0,3.0
376,VİŞNE SUYU LD,26,1.2,0.3,5.0,0.0,0.6
377,YAYLA ÇORBASI,24,0.98,0.8,50.0,35.0,4.9
378,YAZ KURU FASULYESİ,17,1.45,7.1,60.0,45.0,6.7
379,YER FISTIKLI İRMİK HELVASI,19,0.81,1.2,25.0,20.0,2.1
380,YEŞİL MERCİMEKLİ ERİŞTE,17,0.77,2.0,45.0,35.0,7.9
381,YOĞURT,22,1.05,9.1,0.0,0.0,3.9
382,YOĞURT TATLISI,19,0.84,4.0,45.0,30.0,3.2
383,YOĞURTLU BUĞDAY ÇORBASI,24,0.75,5.3,40.0,30.0,3.1
384,YOĞURTLU ETLİ MANTI,28,2.65,7.3,35.0,20.0,8.5
385,YOĞURTLU HAVUÇ KIZARTMASI,22,1.11,0.0,35.0,20.0,1.1
386,YOĞURTLU ISPANAK,22,1.39,1.8,20.0,10.0,7.7
387,YOĞURTLU JÜLYEN KEBABI,28,7.6,8.7,60.0,40.0,9.6
388,YOĞURTLU KABAK KIZARTMASI,22,1.57,2.0,35.0,25.0,9.4
389,YOĞURTLU KARIŞIK KIZARTMA,22,1.68,7.5,40.0,25.0,5.1
390,YOĞURTLU KARNABAHAR,22,2.38,2.8,30.0,15.0,1.0
391,YOĞURTLU KARNABAHAR KIZARTMASI,22,2.77,8.7,30.0,15.0,0.1
392,YOĞURTLU MANTI MAKARNA,21,0.92,5.4,40.0,20.0,8.6
393,YOĞURTLU PATLICAN KIZARTMASI,22,1.6,4.8,35.0,25.0,1.3
394,YOĞURTLU PAZI,22,5.24,0.5,30.0,15.0,5.5
395,YOĞURTLU SEMİZOTU,22,0.88,9.6,20.0,10.0,7.0
396,ZEYTİNYAĞLI BEZELYE,17,2.82,7.3,40.0,20.0,5.4
397,ZEYTİNYAĞLI BİBER DOLMASI,16,2.55,3.6,70.0,40.0,2.7
398,ZEYTİNYAĞLI BROKOLİ,22,2.1,8.8,15.0,10.0,2.0
399,ZEYTİNYAĞLI ISPANAK,16,1.51,7.0,20.0,15.0,7.4
400,ZEYTİNYAĞLI KABAK DOLMASI,16,2.23,9.0,60.0,30.0,0.5
401,ZEYTİNYAĞLI KARNABAHAR,22,2.32,1.4,30.0,20.0,1.3
402,ZEYTİNYAĞLI KEREVİZ,22,1.14,4.4,35.0,25.0,1.7
403,ZEYTİNYAĞLI PIRASA,16,1.27,7.7,40.0,25.0,4.5
404,ZEYTİNYAĞLI SEMİZOTU,16,0.82,3.1,50.0,30.0,8.1
405,ZEYTİNYAĞLI TAZE FASULYE,16,2.55,0.5,45.0,25.0,4.5
