id,age,gender
1,25,female
2,25,female
3,8,child
4,34,male
5,28,male
6,31,male
7,30,female
8,25,female
9,37,male
10,28,male
11,25,male
12,37,male
13,29,male
14,29,female
15,43,male
16,18,female
17,26,female
18,32,male
19,53,female
20,40,female
21,18,female
22,19,female
23,40,female
24,23,female
25,35,male
26,32,male
27,32,male
28,24,male
29,45,male
30,18,female
31,39,female
32,29,female
33,41,female
34,33,male
35,37,female
36,18,female
37,18,female
38,28,female
39,20,female
40,32,female
41,32,female
42,18,female
43,25,female
44,20,female
45,40,female
46,25,female
47,20,female
48,22,male
49,21,female
50,17,female
51,25,male
52,40,female
53,29,female
54,19,female
55,16,female
56,42,male
57,34,female
58,19,female
59,20,female
60,25,male
61,17,female
62,32,male
63,21,female
64,18,female
65,36,female
66,17,female
67,25,male
68,25,female
69,21,female
70,20,female
71,27,male
72,18,male
73,23,female
74,35,male
75,30,female
76,17,male
77,52,male
78,30,female
79,40,female
80,20,female
81,23,female
82,43,female
83,21,female
84,19,male
85,25,female
86,18,female
87,46,male
88,40,female
89,20,female
90,25,female
91,19,female
92,18,female
93,47,female
94,18,female
95,19,female
96,50,male
97,16,female
98,38,male
99,57,female
100,38,male
101,50,female
102,31,male
103,32,female
104,34,female
105,32,female
106,23,female
107,34,female
108,,
109,43,female
110,,
111,21,male
112,30,male
113,40,female
114,50,female
115,20,female
116,,
117,29,female
118,20,male
119,,
120,,
121,,
122,,
123,,
124,19,female
125,38,female
