preference,cost,time
37.22934045696812,11.27065954303188,9.17065954303188
100.05856892714286,24.221431072857143,257.24143107285715
68.14925371,17.70074629,113.35074629
80.2199080475,26.3400919525,78.3800919525
86.67761220833333,11.882387791666668,445.32238779166664
58.15714285714285,13.442857142857141,195.14285714285714
113.58691819091783,28.453081809082168,307.21308180908215
100.02106790714286,25.138932092857143,155.37893209285716
62.24219070833333,12.127809291666667,300.25780929166666
101.11014648388888,17.99985351611111,350.1898535161111
74.19871393888889,16.06128606111111,198.3012860611111
37.2505051475,10.0094948525,188.3494948525
54.68888888888888,17.09111111111111,122.11111111111111
111.68390385034091,32.676096149659095,230.11609614965909
87.76092758888889,28.31907241111111,73.3390724111111
37.06631960714285,7.063680392857143,385.23368039285714
112.10481081913461,23.395189180865383,385.1951891808654
82.5606304388889,23.529369561111114,93.33936956111111
84.0934331725,16.5265668275,265.2065668275
101.0366293025,37.9433706975,165.3633706975
93.764584595,19.695415405,225.135415405
62.22558971584661,10.40441028415339,360.27441028415336
23.296823506702147,15.543176493297855,8.603176493297855
51.2164942837361,9.063505716263904,240.4835057162639
65.20256291,17.16743709,163.29743709
47.82662558333333,12.873374416666666,176.17337441666666
80.2785011888889,17.71149881111111,220.42149881111112
26.900000000000002,6.96,220.2
20.01605728053617,11.74394271946383,8.683942719463829
85.6159363,18.584063699999998,187.1840637
36.357142857142854,8.182857142857143,255.14285714285714
99.9497493,15.3702507,265.3502507
56.83837201772436,19.55162798227564,9.061627982275642
59.86618432541667,24.023815674583332,9.033815674583334
113.43109942636126,21.328900573638744,677.3689005736387
76.3105946,11.8894054,415.1894054
64.32217050375,28.13782949625,30.47782949625
128.40357601471155,40.07642398528846,297.49642398528846
67.35663489333334,15.333365106666665,230.24336510666666
18.749938046878444,5.040061953121556,260.25006195312153
89.89238401388889,12.597615986111112,305.3076159861111
33.21921028867802,8.790789711321974,58.58078971132198
114.63964850369658,24.11035149630342,430.26035149630343
108.5936423003409,29.95635769965909,170.50635769965908
45.53333333333334,8.236666666666666,335.1666666666667
52.70141133333333,7.448588666666666,395.29858866666666
137.47496168397436,42.68503831602564,345.22503831602563
129.3752781217832,36.434721878216784,315.3247218782168
94.39625391714286,27.593746082857145,115.20374608285714
113.069578975,20.600421025,455.230421025
49.1372537975,13.0527462025,113.4627462025
81.63333333333333,32.72666666666667,65.16666666666667
19.373611079477158,7.346388920522841,58.42638892052284
36.870741499999994,7.8092585,325.3292585
122.58823562447553,30.241764375524475,295.1117643755245
78.9177485363889,10.71225146361111,505.1822514636111
12.359546347971765,7.550453652028232,9.040453652028233
8.793561003395592,7.056438996604408,69.2064389966044
146.54322944942308,37.03677055057692,372.5567705505769
50.931411374999996,17.288588625,50.368588625
135.04486839735043,31.085131602649575,330.25513160264956
66.76206447499999,8.777935525,415.337935525
89.9977137,31.9722863,65.2022863
100.517432095,18.772567905,290.182567905
58.957142857142856,20.04285714285714,55.142857142857146
109.15896905000001,13.791030950000001,400.24103095
28.727858537521996,9.062141462478005,8.872141462478005
27.05,7.0200000000000005,295.25
0.490628601826657,7.509371398173343,19.609371398173344
110.12335561388889,16.93664438611111,625.1766443861111
119.86886370519231,27.981136294807694,355.1311362948077
107.28888888888889,27.711111111111112,207.11111111111111
108.4584536854121,40.241546314587914,75.24154631458791
68.13333333333333,9.096666666666666,520.1666666666666
26.26869814652669,20.261301853473306,8.431301853473308
113.09190246,25.64809754,240.30809754
99.55706727012011,13.45293272987989,545.1429327298799
43.846335952153346,14.46366404784665,8.953664047846651
96.61747623214286,29.43252376785714,75.28252376785714
72.65484734375,21.715152656249998,55.24515265625
91.88959694214286,13.020403057857143,355.41040305785714
118.29381842651375,22.106181573486253,512.1061815734862
104.58047375858975,25.439526241410256,372.11952624141026
122.38996786388888,25.38003213611111,450.2100321361111
70.7597462367945,15.03025376320551,290.44025376320553
127.88080567249999,33.4591943275,250.2191943275
90.56598872,21.994011280000002,200.23401128
28.755034625,5.864965375000001,355.244965375
83.72712001714287,12.322879982857144,370.47287998285714
114.24366372749999,42.2163362725,245.3563362725
38.895957833333334,6.924042166666666,440.5040421666667
81.5373047,28.972695299999998,45.3626953
92.38878925080893,13.07121074919108,675.1112107491911
100.42681117250001,39.6331888275,75.2731888275
90.30726044,25.65273956,140.19273956
53.388341762500005,12.9216582375,235.2116582375
135.64448305321582,35.425516946784185,387.3555169467842
14.849382666914622,14.450617333085376,8.350617333085378
82.475327975,21.684672024999998,160.124672025
75.45448191,18.41551809,150.24551809
